Workbook

Sheet INSTRUCTIONS
B2: CONFIDENTIAL: Azure OpenAI ROI Calculator
B3: Built by Azure-Noob | Tested on 30,000+ Enterprise Resources
B5: WHAT THIS TOOL DOES:
B8: This calculator answers the ONE question every CFO asks:
B10: "When do we stop paying per token and start buying PTUs?"
B12: PTU (Provisioned Throughput Units) = Reserved Azure OpenAI capacity
B13: Pay-as-you-go = Microsoft charges you per token consumed
B15: THE PROBLEM:
B16: Microsoft's pricing calculator shows you token costs.
B17: It doesn't show you the BREAK-EVEN POINT where PTU becomes cheaper.
B19: THIS TOOL SHOWS YOU:
B20: ✓ Your current pay-as-you-go cost
... B46: Version 1.0 - January 2026

Sheet Engine
B2: Azure OpenAI Cost Engine
B3: The calculator that shows when to switch to PTU
B5: CONSUMPTION (Pay-as-You-Go)
B7: Monthly Tokens: | C7: 10000000 | D7: tokens/month
B8: Price per 1K Tokens: | C8: 0.015 | D8: (e.g., $0.015 for GPT-4o output)
B10: Monthly Spend (Pay-as-You-Go): | C10: =(C7/1000)*C8
B13: PTU (Provisioned Throughput)
B15: PTU Units: | C15: 1 | D15: (Usually 100-unit increments)
B16: Price per PTU/Hour: | C16: 2.5 | D16: (Approx $2.50-3.00 depending on region)
B17: Hours in Month: | C17: 730 | D17: (730 hours = 30.4 days average)
B19: Monthly PTU Cost: | C19: =C15*C16*C17
B22: THE DECISION
B24: Recommendation: | C24: =IF(C10>C19,"SWITCH TO PTU NOW","STAY ON PAY-AS-YOU-GO")
B26: Monthly Savings with PTU: | C26: =IF(C10>C19,C10-C19,0)
B27: Annual Savings: | C27: =C26*12
B29: Break-Even Point: | C29: =(C19/C10)*100 | D29: of current spend
B32: HIDDEN COSTS (The 15% Microsoft Doesn't Show)
B34: Operational Overhead (15%): | C34: =C10*0.15 | D34: (Log Analytics, Security, Networking)
B35: TOTAL Monthly Cost: | C35: =C10+C34

Sheet Executive Summary
B2: Executive Summary: Azure OpenAI Cost Optimization
B3: Show this page to your CFO
B5: BLOCK A: The "Cost of Doing Nothing"
B7: If you scale to 100M tokens/month without optimization:
B9: Current Monthly Spend: | D9: =Engine!C10
B10: Projected at 100M tokens: | D10: =(100000000/1000)*Engine!C8
B11: Plus 15% Infrastructure: | D11: =D10*0.15
B13: Projected Annual Waste without PTU Optimization: | D13: =(D10+D11)*12
B16: BLOCK B: Token Density Analysis
B18: Monthly Tokens | C18: Pay-as-You-Go | D18: PTU Cost | E18: Winner | F18: Savings
B19: 1M | C19: =(1000000/1000)*Engine!C8 | D19: =Engine!C19 | E19: =IF(C19>D19,"PTU","Pay-as-go") | F19: =IF(C19>D19,C19-D19,0)
B20: 10M | C20: =(10000000/1000)*Engine!C8 | D20: =Engine!C19 | E20: =IF(C20>D20,"PTU","Pay-as-go") | F20: =IF(C20>D20,C20-D20,0)
B21: 50M | C21: =(50000000/1000)*Engine!C8 | D21: =Engine!C19 | E21: =IF(C21>D21,"PTU","Pay-as-go") | F21: =IF(C21>D21,C21-D21,0)
B22: 100M | C22: =(100000000/1000)*Engine!C8 | D22: =Engine!C19 | E22: =IF(C22>D22,"PTU","Pay-as-go") | F22: =IF(C22>D22,C22-D22,0)
B23: 500M | C23: =(500000000/1000)*Engine!C8 | D23: =Engine!C19 | E23: =IF(C23>D23,"PTU","Pay-as-go") | F23: =IF(C23>D23,C23-D23,0)
B26: BLOCK C: Hidden Infrastructure Costs
B28: Microsoft's Calculator Shows: | D28: =Engine!C10
B29: Hidden Infrastructure (15%): | D29: =Engine!C34
B31: YOU ACTUALLY PAY: | D31: =Engine!C35
B34: RECOMMENDATION:
B36: =Engine!C24
B38: Annual Savings Potential: | D38: =Engine!C27
